Country,Year,Consumption,Inflation,GDP_per_capita,Unemployment_rate,ExchangeRate,GrossSaving
Australia,1991,0.984272471617544,3.17667536988685,36366.6962397612,9.586,1.28375583333333,20.8078722173929
France,1991,0.653260041897468,3.21340732409687,28197.2359540607,9.134,5.64211666666667,23.2037793973606
Malaysia,1991,9.04541609916163,4.358333333333,4456.93133148159,3.7,2.75006666666667,29.2782620146207
Philippines,1991,2.49883225584017,19.2614585266282,1656.38349704781,3.727,27.4786333333333,20.9940259165043
Thailand,1991,5.4214693022131,5.70985259891396,2810.56702001316,2.63,25.5167954060799,34.528016169832
United States,1991,0.18051870665721,4.23496396453849,38449.8815276871,6.8,1.0,18.814188530315
Australia,1992,2.37342462601605,1.01223112610714,36117.5446503441,10.733,1.36164833333333,18.3164839064147
France,1992,1.12452157096715,2.36376046269353,28482.5194675509,10.203,5.29381583333333,22.546309235783
Malaysia,1992,4.65366708542841,4.76722829992821,4726.13789172987,3.71,2.54738333333333,31.6964750314478
Philippines,1992,3.2367315390856,8.65100357865265,1624.34939806129,3.849,25.5124916666667,20.7100674276883
Thailand,1992,8.69792787208112,4.13914575077056,2989.85385369019,1.35,25.4001281507941,34.0199054218324
United States,1992,3.6800624505739,3.02881967814969,39256.0481325055,7.5,1.0,17.6880246956939
Australia,1993,1.90474529771454,1.75365344467641,37246.0044332363,10.879,1.47056,20.3034156711219
France,1993,-0.0581784001194876,2.10446277124644,28257.0962487817,11.32,5.66323,21.2961089475221
Malaysia,1993,6.25297167258341,3.53658536585389,5062.5911043705,4.11,2.574095,34.7131723521145
Philippines,1993,2.52801908633673,6.71631104109973,1620.35505833942,3.869,27.1198416666667,20.3512734374584
Thailand,1993,8.41880519799471,3.31219168428468,3186.99707103229,1.49,25.3196110778961,35.9403785639628
United States,1993,3.48365672581559,2.95165696638559,39807.8795034206,6.9,1.0,17.051004445686
Australia,1994,2.15965761850168,1.96963479688141,38356.7691976693,9.724,1.36775083333333,21.8463364095375
France,1994,1.67513654791492,1.65551532926993,28822.5006495069,12.593,5.552045,21.3981033981652
Malaysia,1994,9.38914625782819,3.72497055359284,5390.10167606966,3.64,2.62425666666667,35.0914161292647
Philippines,1994,2.91499436870555,10.3864734299517,1654.74613902838,3.767,26.4171666666667,22.4209070619903
Thailand,1994,7.87591724086489,5.04774897680755,3391.48986604062,1.347,25.1499518885845,35.8027071005383
United States,1994,3.87431214748635,2.60744159215453,40907.0184352707,6.119,1.0,17.8617050415274
Australia,1995,4.41374073646715,4.62776659959759,39407.5647528439,8.473,1.3490325,20.6053570826636
France,1995,1.72218451143415,1.79648142095595,29379.6158424052,11.834,4.9914825,21.9729668295532
Malaysia,1995,11.6572716937701,3.45057509584895,5771.35211956083,3.15,2.50440416666667,33.8932551687612
Philippines,1995,2.98563941447543,6.83199610989534,1693.80873081644,3.68,25.7144666666667,21.9351325155766
Thailand,1995,8.27927409761149,5.81818181818192,3614.93244016732,1.1,24.9151757040726,35.8028117053841
United States,1995,2.95051730272529,2.80541968853662,41507.9135604158,5.65,1.0,18.7589369755472
Australia,1996,3.38194560796239,2.61538461538461,40437.0941864857,8.509,1.27786333333333,20.8678175180598
France,1996,1.96031626416926,1.98288365089738,29683.7786067651,12.367,5.1155225,21.7903989739422
Malaysia,1996,6.86500832248514,3.48855945858916,6190.46429134886,2.52,2.5159425,37.0407234800784
Philippines,1996,3.82032999049169,7.4761037778791,1752.23800104559,3.607,26.2161,22.4067471448509
Thailand,1996,5.03339328534994,5.80510554737349,3766.86364433088,1.071,25.3426828609665,34.6035201809033
United States,1996,3.46991896684166,2.93120419993441,42575.6896936773,5.451,1.0,19.6511225768668
Australia,1997,2.87149231395212,0.224887556221887,41569.1653679391,8.367,1.34738,21.7802042626413
France,1997,0.538042032279336,1.20394294026962,30325.522871824,12.566,5.83669166666667,22.7576436116306
Malaysia,1997,4.31006415648632,2.66251459711946,6480.55649455855,2.45,2.81319166666667,37.0205449212701
Philippines,1997,4.33288544179959,5.59025939650601,1800.25913137613,3.592,29.4706583333333,23.9122337867866
Thailand,1997,-1.41017500927519,5.62579747129104,3614.60848543994,0.873,31.3643344542954,32.2545975091173
United States,1997,3.76550184215434,2.33768993730735,43936.9050018073,5.0,1.0,20.8476519614593
Australia,1998,5.12731557133208,0.860134629768142,43081.7201718179,7.684,1.59182833333333,21.5910821015266
France,1998,3.98568730445122,0.651126867833049,31256.5073830655,12.074,5.89951566666667,23.7057060992741
Malaysia,1998,-10.2358176879269,5.27034200348766,5857.96702940857,3.2,3.924375,39.8491589952669
Philippines,1998,5.29229026203588,9.23493432267121,1746.52590513282,3.697,40.89305,29.6191580479745
Thailand,1998,-10.1996639098303,7.9947287502746,3295.36018381294,3.404,41.3593875,31.7437445056457
United States,1998,5.31106914730859,1.55227909874364,45374.6215189233,4.511,1.0,21.3904974897564
Australia,1999,5.56212734751141,1.48312940304041,44755.6599721318,6.876,1.54995,20.5938348860108
France,1999,3.46397508290839,0.537141639134645,32152.7207478734,11.981,0.938283072395283,24.2896514574492
Malaysia,1999,2.85989482165046,2.74456130240604,6070.95621987091,3.43,3.8,38.305980768975
Philippines,1999,4.02826376316838,5.93904901780808,1759.42105225652,3.751,39.0889833333333,35.9678010817108
Thailand,1999,4.066022135879,0.284726459223034,3403.08737356896,2.968,37.8136558333333,30.4552375675406
United States,1999,5.38109963471702,2.18802719697358,47004.469017723,4.219,1.0,20.9260978741676
Australia,2000,4.19633647411686,4.45743514797224,45979.0765654048,6.288,1.72482666666667,21.1585828443316
France,2000,3.66594057961774,1.67595988720927,33255.1379642335,10.218,1.08270508132602,23.7110536739959
Malaysia,2000,13.0284321549706,1.53474023697699,6455.61419792583,3.0,3.8,35.9173795808654
Philippines,2000,5.1971034622286,3.9771250324928,1793.34761146436,3.77,44.19225,33.3916737451306
Thailand,2000,7.03729060637259,1.59196917460972,3514.71662970608,2.389,40.1118033333333,30.7820937245273
United States,2000,5.03686308216314,3.37685727149929,48379.7551705781,3.992,1.0,20.813343318339
Australia,2001,3.32538572474219,4.40713536201469,46314.6235297968,6.747,1.9334425,20.707708507732
France,2001,2.51858557279753,1.63478079549601,33640.6738002565,8.61,1.11653308564462,23.7864406085702
Malaysia,2001,3.02742703231749,1.41678473206098,6334.92795651698,3.53,3.8,32.2517790339187
Philippines,2001,3.94228444566581,5.34550195567142,1807.70892524758,3.698,50.99265,34.6236833401699
Thailand,2001,5.89561853413096,1.62690887314091,3599.02524877358,2.6,44.4319,28.2255095772685
United States,2001,2.47638263250343,2.82617111885407,48361.0167607073,4.731,1.0,19.657274659967
Australia,2002,2.92490440159466,2.98157453936348,47599.4079289312,6.375,1.8405625,21.7443643675091
France,2002,2.08227810520452,1.9234122872706,33753.5782979758,8.702,1.05755899623965,22.5727520688813
Malaysia,2002,3.87210415422716,1.80787246281536,6516.90671560155,3.48,3.8,32.7350846657081
Philippines,2002,5.0999819767227,2.72277227722765,1837.25429286854,3.616,51.6035666666667,35.2688442852804
Thailand,2002,6.22194524439435,0.697308976625449,3783.75422073266,1.82,42.9600833333333,28.103890614555
United States,2002,2.54294122735827,1.58603162650601,48729.1586442625,5.783,1.0,18.3808512938917
Australia,2003,4.28141725350912,2.73259596616786,48509.6632180363,5.933,1.54191416666667,21.0479265435955
France,2003,1.48544230006083,2.09847219146923,33840.6175720101,8.306,0.88404792718493,22.0506952001078
Malaysia,2003,8.11346873840739,1.08967632577286,6732.92049458099,3.61,3.8,34.8526514617844
Philippines,2003,5.37956036447812,2.28915662650607,1892.82161995051,3.527,54.2033333333333,35.6099556982049
Thailand,2003,7.3463145576018,1.80434994635721,4018.15538187068,1.54,41.4846166666667,27.9738396418452
United States,2003,3.16421025053531,2.27009497336115,49662.7520549839,5.989,1.0,17.4287269368118
Australia,2004,5.29953224429943,2.34325522482583,50018.5904483861,5.399,1.3597525,21.4867186852419
France,2004,1.95107825656467,2.14208964640241,34557.1471111581,8.914,0.803921647747618,22.4333906736965
Malaysia,2004,9.84907689179965,1.42127115937402,7025.34558004381,3.54,3.8,35.1374966248144
Philippines,2004,5.9043923050591,4.82921083627795,1978.34489133113,3.554,56.0399166666666,36.2292309162938
Thailand,2004,7.42828696643301,2.7591492623108,4232.77157261934,1.51,40.2224149175021,27.8994841062468
United States,2004,3.76999684253217,2.67723669309172,51098.5573007417,5.529,1.0,17.7331647694224
Australia,2005,4.53845886517428,2.69183168316832,50972.640519744,5.036,1.30947333333333,20.9463328004775
France,2005,2.41778466231762,1.74586936380482,34946.0372494703,8.882,0.803800192161442,22.4390250328785
Malaysia,2005,9.10930253139404,2.97507092684449,7234.02442689141,3.53,3.78709166666667,36.8157549507862
Philippines,2005,4.44446756672711,6.51685393258433,2037.8776605946,3.795,55.0854916666666,37.7714550955846
Thailand,2005,4.2008626127683,4.54036919634535,4372.25730206261,1.35,40.2201302083333,28.2409524233023
United States,2005,3.54139275311975,3.3927468454955,52393.4513113092,5.084,1.0,18.1224549531276
Australia,2006,3.314067660978,3.55528773727026,51682.8925230537,4.785,1.3279734405,21.6197924820935
France,2006,2.14333941348795,1.67512449608723,35645.4162427116,8.832,0.796432730949102,23.0722888675806
Malaysia,2006,6.61023865518521,3.60923564224389,7469.8106921211,3.32,3.66817695833333,38.7964745148433
Philippines,2006,4.18240538515133,5.4852320675105,2110.42044781284,4.052,51.3142725,37.2282016275855
Thailand,2006,2.80089345388758,4.63747436011765,4551.5250018314,1.22,37.8819832215363,30.4451483129011
United States,2006,2.89735994251996,3.22594410070404,53335.5896950225,4.623,1.0,19.1997488777268
Australia,2007,5.30573875709489,2.32761128891476,52671.325846724,4.381,1.1950725,21.3208215222712
France,2007,2.637579655435,1.4879980595386,36322.1685141004,8.008,0.729672399984083,23.5376685505619
Malaysia,2007,10.4438326008287,2.02735317779569,7769.59693350488,3.31,3.43756938226247,38.7668425775513
Philippines,2007,4.80943140103017,2.90000000000003,2209.34651083329,3.434,46.148391177755,36.7544223626748
Thailand,2007,1.19163701229097,2.24154095286803,4760.66708464831,1.18,34.5181805917013,32.2498340915576
United States,2007,2.43091397544188,2.85267248150138,53889.3964951775,4.622,1.0,17.427949807313
Australia,2008,4.86697077503983,4.35029854990048,53497.275355342,4.242,1.19217833333333,21.845024795339
France,2008,0.522142576546997,2.81286194914787,36257.3658930938,7.386,0.679922680042729,23.2559008511574
Malaysia,2008,8.71934316713224,5.44078221100769,7976.11785374773,3.34,3.33583333333333,38.5177080119428
Philippines,2008,3.85261339981233,8.26044703595725,2264.9462907288,3.72,44.32328760941,36.0222747408748
Thailand,2008,2.83342492754259,5.46848949649845,4805.76393990836,1.18,33.3133006412338,30.6620557262506
United States,2008,0.150028625881319,3.839100296651,53442.7136899777,5.784,1.0,15.0588110826952
Australia,2009,0.420422545471183,1.77111716621254,53430.5274781651,5.565,1.28218881008452,23.9195578923009
France,2009,0.304815545238341,0.0876204781574552,35052.8510772683,9.122,0.716957702016136,20.8056292864457
Malaysia,2009,0.553880589333716,0.583308405623702,7700.46111294033,3.62,3.52450291070644,33.3634416267683
Philippines,2009,2.53144892512296,4.21903052064628,2256.72554835463,3.858,47.6796884535091,37.9486917120278
Thailand,2009,-0.899216002255912,-0.845716092316721,4737.45679763314,1.49,34.2857741234241,29.2740607965439
United States,2009,-1.30549592511008,-0.355546266299747,51611.3217087719,9.254,1.0,13.8930513792376
Australia,2010,3.48432814012341,2.91834002677376,53768.349733441,5.214,1.09015948638677,21.7091351421171
France,2010,1.88358120189849,1.53112270420926,35578.1968010183,9.279,0.754308990105961,20.9610611911773
Malaysia,2010,6.86192061413064,1.62285235577035,8118.92270511981,3.32,3.22108691472175,33.4664682988521
Philippines,2010,3.58979951143765,3.78983634797591,2373.14312064664,3.605,45.1096641800896,39.7514910839799
Thailand,2010,5.45124306353435,3.24758842443723,5059.35747831657,0.622,31.685705,29.6275906793853
United States,2010,1.90591226394695,1.6400434423899,52555.7695134023,9.633,1.0,15.383257822255
Australia,2011,4.02062485417099,3.3038501560874,54296.2321324814,5.083,0.969463201496735,23.1621677041742
France,2011,0.617673076246035,2.11159795174994,36269.9561530888,9.228,0.718413898653317,21.9422669989976
Malaysia,2011,6.86434996091751,3.1744709215131,8400.32248683558,3.05,3.06000301052058,34.0818029856008
Philippines,2011,5.55213421827969,4.7184170471842,2416.75212064542,3.592,43.3131369237488,36.8750710888523
Thailand,2011,1.83395020601833,3.80879058139634,5070.23740191942,0.66,30.4917333333333,31.4339629664977
United States,2011,1.7015504207548,3.156841568622,52956.6630340962,8.949,1.0,16.3373295989846
Australia,2012,2.95248813238207,1.76278015613196,55465.4462872577,5.225,0.965801030658708,24.200411352821
France,2012,-0.423139935298906,1.9541953161351,36161.2918253465,9.841,0.778338120416812,21.1445636776072
Malaysia,2012,8.3454078728834,1.66357102479206,8710.52671359902,3.04,3.08880086662188,30.9153494882722
Philippines,2012,6.79897025840299,3.02696391124796,2533.74141964959,3.504,42.2287947349434,35.1328493512711
Thailand,2012,7.33269516857679,3.01489950334985,5403.87846036273,0.58,31.0830916666667,28.9313113964315
United States,2012,1.36734369680154,2.06933726526067,53738.1476714593,8.069,1.0,18.3792918907922
Australia,2013,2.01969291765629,2.4498886414254,55966.1509270561,5.663,1.03584309652054,23.7827985137743
France,2013,0.509561086791905,0.863715497861805,36256.086680981,9.913,0.752945122701996,21.1527297625311
Malaysia,2013,7.24894837565304,2.10501231233612,8964.80724896203,3.14,3.15090855009724,29.4198401146816
Philippines,2013,5.81900321327258,2.58268766141795,2654.41506933978,3.497,42.4461848306739,36.3544017148818
Thailand,2013,0.95407850320133,2.18488618530687,5516.61164164135,0.249,30.7259666666667,27.2207671462189
United States,2013,1.74400943220412,1.46483265562717,54462.6252412407,7.375,1.0,18.6046397105057
Australia,2014,2.29922668624469,2.48792270531404,56571.8062524437,6.078,1.10936329281692,23.4563274824008
France,2014,0.819661538466349,0.50775882293799,36444.3949089146,10.273,0.752728196932603,21.0922067480042
Malaysia,2014,6.97639355095627,3.14299050879095,9341.73055971278,2.88,3.27285974643047,29.3665669513565
Philippines,2014,5.78445518217687,3.59782343864211,2776.92005909479,3.6,44.3951543042097,37.3474479713157
Thailand,2014,0.533204479085697,1.8951418189878,5541.46599361845,0.576,32.4798333333333,27.4850789547057
United States,2014,2.83030380803544,1.62222297740817,55394.4510435329,6.168,1.0,19.721013463213
Australia,2015,2.59814497573703,1.50836672165921,56970.3613028094,6.055,1.33109026245502,22.521231196962
France,2015,1.47901853926278,0.0375143805125182,36702.4323733379,10.354,0.901296423367096,21.5310981790445
Malaysia,2015,6.01754166372075,2.10438980238359,9648.6797937523,3.1,3.90550026302768,28.3991476426936
Philippines,2015,6.44457248501706,0.674192536845408,2909.85818010301,3.068,45.5028399421431,35.6348333700961
Thailand,2015,2.60425722214792,-0.900424963291569,5688.85335397884,0.597,34.2477166666667,28.043823657924
United States,2015,3.37254996377239,0.118627135552451,56572.9188996063,5.28,1.0,19.7947209402226
Australia,2016,2.66928186310041,1.27699094497324,57632.9995925594,5.711,1.34521397601947,20.529640955705
France,2016,1.77987998350405,0.18333486112386,36920.5342846914,10.057,0.903421436257263,21.1607249969519
Malaysia,2016,5.85118565859091,2.09056659525742,9901.47960179812,3.44,4.14830066287879,28.3850019206649
Philippines,2016,7.14960846141666,1.25369880080982,3076.3374186759,2.695,47.4924638585099,35.0547724231085
Thailand,2016,2.88087275079477,0.188149704448143,5857.78052935926,0.688,35.2963833333333,30.0765044478694
United States,2016,2.45453104947551,1.26158320570536,57151.4708448372,4.869,1.0,18.6676935456278
Australia,2017,2.47238165876762,1.94864740944527,57991.771347333,5.592,1.30475807671592,21.5782074482669
France,2017,1.4786626015655,1.03228275064662,37580.5979329356,9.409,0.885205508269372,21.6185171335885
Malaysia,2017,6.90826593695486,3.87120115774237,10293.7629205362,3.41,4.30044087761124,28.3359876066459
Philippines,2017,5.95736650147924,2.85318772590947,3247.4503878362,2.552,50.4037197937177,35.4886316753905
Thailand,2017,3.08790780443007,0.665631893135106,6076.74307700082,0.83,33.9398110566858,31.9424672317789
United States,2017,2.63814721783702,2.13011000365961,58151.7021391854,4.355,1.0,19.1103747200543
Australia,2018,2.82145036045272,1.91140094445691,58772.7063152213,5.345,1.33841214646451,21.4012664353392
France,2018,0.982170683050512,1.85081508315502,38062.4435961412,9.018,0.846772667108111,21.8900056739386
Malaysia,2018,7.97993747640615,0.884709160571235,10610.1950240479,3.3,4.03513013706806,26.1283247399226
Philippines,2018,5.7652163744645,5.30934661627707,3410.93647976109,2.338,52.6614299539683,33.8070507208738
Thailand,2018,4.57410995654203,1.06389754183024,6314.19948412043,0.765,32.3102257431458,31.6865849444729
United States,2018,2.74102213053115,2.44258329692817,59526.665698712,3.896,1.0,19.346553899104
Australia,2019,1.6942406956825,1.61076787290379,59181.2997904131,5.143,1.43850654421382,21.9808894845608
France,2019,1.76866114149004,1.10825492288294,38705.2072940618,8.415,0.893276257067409,23.4899898451564
Malaysia,2019,7.68768167459078,0.662891865764326,10902.9834855856,3.33,4.14246973569731,24.546150625052
Philippines,2019,5.86691454561243,2.39206534422404,3575.88170922922,2.237,51.7957826517332,31.7551872075145
Thailand,2019,3.96582951964726,0.706728601314311,6434.53770518034,0.716,31.0476057805499,31.5155064013965
United States,2019,2.00176126667553,1.81221007526021,60750.9898621637,3.669,1.0,19.5741671320652
Australia,2020,-3.27407909579405,0.846905537459305,58377.7670517802,6.394,1.45308511847016,23.2325990455773
France,2020,-6.61509727537258,0.476498852725066,35709.2045925926,8.009,0.875506396987998,20.7835856396957
Malaysia,2020,-3.94478420721832,-1.1387021539305,10171.4657842762,4.54,4.20348194851884,23.8210614819294
Philippines,2020,-7.95652927693801,2.3931623931624,3198.66690008413,2.522,49.6240960026328,24.8181733606399
Thailand,2020,-0.781191628547944,-0.845937147357041,6035.18627737077,1.099,31.2936732130832,28.0429223686544
United States,2020,-2.52220233101306,1.23358439630629,59194.6665172031,8.055,1.0,18.6433841524645
Australia,2021,0.720412255051215,2.86391042204994,59465.535671364,5.022,1.33122425957081,25.1958520075371
France,2021,5.13699742026492,1.64233141038385,38030.8571685178,7.871,0.84549413889045,23.4519466335002
Malaysia,2021,1.78830923854719,2.47710241465447,10388.2667120857,4.64,4.14329759817721,26.0099609240741
Philippines,2021,4.21148693171874,3.92718022100332,3350.97587587776,3.398,49.2545977288412,20.2029188331693
Thailand,2021,0.60333771744618,1.23039541318384,6121.52696529713,1.215,31.9770934417717,27.4646826657448
United States,2021,8.40535420864819,4.69785886363742,62680.2503585805,5.349,1.0,18.0329336164215
Australia,2022,4.30100868040419,6.59409671341846,61200.4588964781,3.728,1.44166445896522,24.9259369836481
France,2022,2.29709955880612,5.22236748369735,38868.3303330557,7.303,0.949623753156941,22.4903116689235
Malaysia,2022,11.4136615295312,3.37869862549928,11191.6511756943,3.93,4.40107634540072,26.7807789507514
Philippines,2022,8.2885279450098,5.82115811213955,3577.70136573244,2.598,54.477785837205,22.4737175447068
Thailand,2022,6.17620187632839,-1.61068030486688,6278.7855138276,0.94,35.0613502144776,26.3084044839584
United States,2022,2.53183873775001,8.00279982052121,63886.1317069841,3.65,1.0,18.6927640825769
